<?xml version="1.0" encoding="utf-8"?>
<extension version="3.0" type="file" method="upgrade">
	<name>Cobalt - Additional Templates</name>
	<author>MintJoomla</author>
	<license>GPL GNU</license>
	<authorEmail>support@mintjoomla.com</authorEmail>
	<authorUrl>http://www.mintjoomla.com</authorUrl>
	<creationDate>March 2012</creationDate>
	<copyright>(c) 2012 MintJoomla</copyright>
	<version>8.937</version>
	<description>Cobalt 8 - Additional templates</description>

	<fileset>
		<files folder="site" target="components/com_cobalt/">
			<folder>views</folder>
		</files>
	</fileset>
</extension>